accredited_provider_name,accredited_provider_code,training_provider_name,training_provider_code,academic_year_code
2Schools Consortium,T92,Oakthorpe Primary School,151,2023
Ambition Institute,2A2,LEARN with FA1,3L1,2023
Ambition Institute,2A2,London District East Teaching School Hub,5U5,2023
Ambition Institute,2A2,St Clement Danes School,3D3,2023
ARK Teacher Training,1CS,Academies Enterprise Trust: Essex,2CG,2023
ARK Teacher Training,1CS,Academies Enterprise Trust: London,2CH,2023
ARK Teacher Training,1CS,Academies Enterprise Trust: South West,2E1,2023
ARK Teacher Training,1CS,Academies Enterprise Trust: West Midlands,2CJ,2023
ARK Teacher Training,1CS,Academies Enterprise Trust: Yorkshire & Humber,2CK,2023
Arthur Terry SCITT,A67,Arthur Terry School,1QN,2023
Associated Merseyside Partnership SCITT,25F,Ashton Teacher Training Partnership,29O,2023
Associated Merseyside Partnership SCITT,25F,Green Park Primary School,2F6,2023
Associated Merseyside Partnership SCITT,25F,Hudson Primary School,2F5,2023
Astra SCITT,28E,Astra Amersham Hub,1MP,2023
Astra SCITT,28E,Astra Aylesbury Secondary Hub,2KM,2023
Bath Spa University,B20,Excalibur @  St John’s,2BO,2023
BEC Teacher Training,B28,Berlesduna Academy Trust Teacher Training,2D6,2023
BEC Teacher Training,B28,Billericay School,1PT,2023
Birmingham City University,B25,Arthur Terry School,1QN,2023
Birmingham City University,B25,Bishop Challoner Training School,1K2,2023
Birmingham City University,B25,Bromsgrove Primary Alliance,2HU,2023
Birmingham City University,B25,ConnectEd Partnership,27U,2023
Birmingham City University,B25,Futures Teaching,2KR,2023
Birmingham City University,B25,Greenholm Primary School,19R,2023
Birmingham City University,B25,Hereteach Alliance,22V,2023
Birmingham City University,B25,Riverley Primary School,2LF,2023
Birmingham City University,B25,St John Bosco ITT,1S9,2023
Birmingham City University,B25,"Teach Central, formerly RSA Academies'",26A,2023
Birmingham City University,B25,The Lion Alliance,1K1,2023
Birmingham City University,B25,Transforming Lives Educational Trust Initial Teacher Training (TLET ITT),1XO,2023
Birmingham City University,B25,Waverley School Direct,1RH,2023
Bishop Grosseteste University,B38,Diverse Association for Professional Learning (formerly TVTSA),12K,2023
Bishop Grosseteste University,B38,Eastgate Academy,2H2,2023
Bishop Grosseteste University,B38,Greenwood Academies Trust,1EX,2023
Bishop Grosseteste University,B38,Josie Thirkell Institute of Education,1GW,2023
Bishop Grosseteste University,B38,Nottingham Catholic Initial Teacher Training Partnership,1YD,2023
Bishop Grosseteste University,B38,"Queen Elizabeth's Grammar School, Horncastle",2KK,2023
Bishop Grosseteste University,B38,Stamford ITE Cluster,2E9,2023
Bishop Grosseteste University,B38,Tall Oaks Academy Trust,27M,2023
Bishop Grosseteste University,B38,The Forge Trust,2GK,2023
Bluecoat SCITT Alliance Nottingham,1YH,Bluecoat Academy,12W,2023
Bournemouth Poole & Dorset Teacher Training Partnership,B52,The Arnewood School Academy,1ZM,2023
Bradford Birth to 19 SCITT,259,Aireborough Partnership,2JF,2023
Bradford Birth to 19 SCITT,259,Bingley Grammar School Direct,2BP,2023
Bradford Birth to 19 SCITT,259,Carlton Academy Trust Schools Direct,3E0,2023
Bradford Birth to 19 SCITT,259,Dixons Academies Trust,1EP,2023
Bradford Birth to 19 SCITT,259,Orange Moon Education,3A7,2023
Bradford Birth to 19 SCITT,259,Parkwood Primary School,2HH,2023
Bradford Birth to 19 SCITT,259,Saltaire Primary School Direct,2X8,2023
Bradford Birth to 19 SCITT,259,St Edmund's Nursery School & Children's Centre,1EN,2023
Bradford Birth to 19 SCITT,259,St John's CofE Primary School BD4 6JF,2HY,2023
Bradford Birth to 19 SCITT,259,The Beckfoot School Direct Partnership,1MU,2023
Bradford College,B60,AIM Alliance Schools,2FR,2023
Bright Futures SCITT,G65,BBL Teacher Training,4A7,2023
Bright Futures SCITT,G65,Co-op Academies Trust,2X4,2023
Bright Futures SCITT,G65,Culcheth Campus,4F5,2023
Bright Futures SCITT,G65,Manchester Trusts and Schools Alliance,1JR,2023
Bright Futures SCITT,G65,TCAT Train to Teach,2H4,2023
Bromley Schools Collegiate,B91,Bromley Schools' Collegiate Eliot Bank Gordonbrock,1UO,2023
Bromley Schools Collegiate,B91,Bromley Schools' Collegiate School Direct,1C9,2023
Bromley Schools Collegiate,B91,Education Teaching Alliance Lewisham,1GA,2023
Bromley Schools Collegiate,B91,Woolwich Poly,1HC,2023
Cabot Learning Federation SCITT,2AV,Bristol Primary Training and Support Alliance (Whitehall Primary/Ashley Down Primary),1PL,2023
"Cambridge Training School Network, CTSN SCITT",1WO,Barrow CEVC Primary School,1MJ,2023
"Cambridge Training School Network, CTSN SCITT",1WO,Saffron Walden County High School,5A7,2023
"Cambridge Training School Network, CTSN SCITT",1WO,"The Cambridge Training School Network Partnership, CTSN",1LK,2023
Canterbury Christ Church University,C10,Aquila,2CA,2023
Canterbury Christ Church University,C10,East Kent Learning Alliance,2DG,2023
Canterbury Christ Church University,C10,St George RC School,1NK,2023
Canterbury Christ Church University,C10,St. Mary's Learning Alliance,2BJ,2023
Canterbury Christ Church University,C10,Swale Academies Trust,14H,2023
Canterbury Christ Church University,C10,The John Wallis Church of England Academy,1SK,2023
Canterbury Christ Church University,C10,Valley Invicta Teacher Training (VITT),1CU,2023
Carmel Teacher Training Partnership (CTTP),C23,Cardinal Hume Catholic School,198,2023
Carmel Teacher Training Partnership (CTTP),C23,St Anthony's Girls' Catholic Academy,1BM,2023
Carmel Teacher Training Partnership (CTTP),C23,St Mary's Catholic School,2KN,2023
Chiltern Training Group,C59,The Bedfordshire Schools  Training Partnership,B31,2023
Chiltern Training Group,C59,The Shire Foundation,S25,2023
Colchester Teacher Training Consortium,C76,Colchester Teacher Training (CTTC),2DB,2023
Compton SCITT,1X7,The Compton School,19P,2023
Cornwall School Centred Initial Teacher Training. (Cornwall SCITT),C79,The Roseland Academy,4B2,2023
CREC Early Years Partnership,25R,Warwickshire Early Years Hub,2KO,2023
Doncaster ITT Partnership,D51,Doncaster Partners in Learning Alliance,1RD,2023
Doncaster ITT Partnership,D51,Doncaster Regional Alliance For Teacher Training Secondary,2G3,2023
Durham SCITT,D87,Advance Learning Partnership,2AL,2023
Durham SCITT,D87,Eden Learning Trust,2LW,2023
Durham SCITT,D87,Northern Teacher Training Hub,1YQ,2023
Durham SCITT,D87,Redcar and Cleveland Teacher Training Partnership,3L3,2023
Durham SCITT,D87,Richmond School,18L,2023
Durham SCITT,D87,Sacred Heart Secondary - Redcar and Cleveland Teacher Training,5H1,2023
Durham SCITT,D87,"St Bede's Catholic Comprehensive School and Sixth Form College, Lanchester",1QB,2023
Durham University,D86,St John Vianney RC Primary School,1GQ,2023
Durham University,D86,Think North East School Direct Partnership,4B4,2023
East of England Teacher Training,2B6,East Lindsey ITT Partnership,4E2,2023
East of England Teacher Training,2B6,Grantham and South Lincolnshire ITT Partnership,2DU,2023
East of England Teacher Training,2B6,Josie Thirkell Institute of Education,1GW,2023
East of England Teacher Training,2B6,Lincolnshire Schools ITT Partnership,2HF,2023
East of England Teacher Training,2B6,North East Lincolnshire ITT Partnership,2CS,2023
Edge Hill University,E42,Arch Alliance - All Souls' CE Primary,1XK,2023
Edge Hill University,E42,Owls,2K3,2023
Edge Hill University,E42,Southport Learning Trust,3B3,2023
Educate Group Initial Teacher Training,E65,Northern Education Trust,1UR,2023
Educate Group Initial Teacher Training,E65,Pudsey Primrose Hill,1AY,2023
e-Qualitas,E69,AIM Alliance Schools,2FR,2023
e-Qualitas,E69,Aquila,2CA,2023
e-Qualitas,E69,City Excellence in Teaching,1CW,2023
e-Qualitas,E69,CTSA,1N4,2023
e-Qualitas,E69,Haberdashers’ Academies Trust South,1KP,2023
e-Qualitas,E69,Merton Special Training Association,163,2023
e-Qualitas,E69,Riverley Primary School,2LF,2023
e-Qualitas,E69,Saint John Southworth Enterprise and Research Alliance,15O,2023
e-Qualitas,E69,Sharing Excellence Partnership Dunraven School Streatham,1BW,2023
e-Qualitas,E69,South East Learning Alliance,1J1,2023
e-Qualitas,E69,The Bishop Fraser Trust Bolton  Bury ITT Partnership,18J,2023
e-Qualitas,E69,The Holy Cross School,1MO,2023
e-Qualitas,E69,Valley Trust (formerly TRISIS),2HM,2023
Essex and Thames SCITT,T25,Abacus Primary School,4Y1,2023
Essex and Thames SCITT,T25,John F Kennedy Special School,2GJ,2023
Essex and Thames SCITT,T25,Kelvedon St Marys - Essex and Thames SCITT,2L2,2023
Essex and Thames SCITT,T25,Sheringham Primary School,29Z,2023
Essex and Thames SCITT,T25,The Federation of Greenways Schools,2BQ,2023
Essex Primary SCITT,E73,Felsted Primary School,14R,2023
Essex Primary SCITT,E73,Professional Learning Network (Lyons Hall),1JW,2023
Essex Teacher Training,E75,Academies Enterprise Trust: Essex,2CG,2023
Essex Teacher Training,E75,Eastwood Park Academy Trust,2G1,2023
Essex Teacher Training,E75,FIPC Romford Teacher Training Partnership TIR hub,285,2023
Essex Teacher Training,E75,ORTU Trust (Gable Hall),1KM,2023
Essex Teacher Training,E75,Paradigm Trust: Old Ford Primary Academy and Ipswich Academy,1C8,2023
Essex Teacher Training,E75,"St Thomas More's Catholic Primary School, Colchester",1K8,2023
Essex Teacher Training,E75,Woodside Academy,26V,2023
Essex Teacher Training,E75,Zengage Teacher Training Essex,3H5,2023
Exceed SCITT,2EY,Exceed Leeds East and West,27C,2023
Exceed SCITT,2EY,Exceed Partnership,278,2023
Exceed SCITT,2EY,Josie Thirkell Institute of Education,1GW,2023
Exceed SCITT,2EY,Morley Exceed Partnership,2ER,2023
Forest Independent Primary Collegiate SCITT,F82,FIPC Churchfields Junior School TIR hub,2D7,2023
Forest Independent Primary Collegiate SCITT,F82,FIPC Gearies Primary School TIR hub,23D,2023
Forest Independent Primary Collegiate SCITT,F82,FIPC Harlow Teacher Training Partnership hub,1ZH,2023
Forest Independent Primary Collegiate SCITT,F82,FIPC Hazelwood Schools hub,15T,2023
George Abbot SCITT,G12,George Abbot SCITT School Direct,1OV,2023
Gloucestershire Initial Teacher Education Partnership (GITEP),G48,Odyssey Learning Alliance,1ZB,2023
Gloucestershire Initial Teacher Education Partnership (GITEP),G48,The Cotswold Teacher Training Partnership,2EH,2023
"Goldsmiths, University of London",G56,Bohunt Education Trust,1DP,2023
"Goldsmiths, University of London",G56,Catholic Schools' Partnership,134,2023
"Goldsmiths, University of London",G56,Grey Court Training School,22S,2023
"Goldsmiths, University of London",G56,Halstow Primary School,1V5,2023
"Goldsmiths, University of London",G56,John Donne Primary School,1DS,2023
"Goldsmiths, University of London",G56,North London New River Teaching Alliance,1JV,2023
"Goldsmiths, University of London",G56,Redriff Primary School,1U2,2023
"Goldsmiths, University of London",G56,South Thames Early Education Partnership & Goldsmiths University (STEEPtsa),21K,2023
"Goldsmiths, University of London",G56,Teach West London Teaching School Hub,1KV,2023
"Goldsmiths, University of London",G56,The Bridge London TSA,1W6,2023
"GORSE SCITT (Leeds, Bradford, Hull and East Yorkshire)",1N1,BDAT ITT in partnership with Gorse SCITT,3G1,2023
Haybridge Alliance SCITT,2B3,Hales Valley Teaching Hub,18E,2023
Haybridge Alliance SCITT,2B3,Invictus Education Trust,2I2,2023
Haybridge Alliance SCITT,2B3,South Bromsgrove Teacher Training Partnership,19S,2023
Haybridge Alliance SCITT,2B3,Stour Vale School Direct,1FA,2023
Haybridge Alliance SCITT,2B3,"Teach Central, formerly RSA Academies'",26A,2023
Henry Maynard Training E17,2AW,Henry Maynard Primary School,1RR,2023
High Force Education (SCITT),H38,Abbey Infants' School,153,2023
High Force Education (SCITT),H38,Prince Bishops Community Primary School,1LN,2023
Hillingdon SCITT,2B5,Teach West London Teaching School Hub,1KV,2023
Huddersfield Horizon SCITT,2EX,Moor End Academy,1A1,2023
Hull SCITT,25O,St Mary's College,1RU,2023
Inspiring Future Teachers,3Y3,Thinking Horizons (TSAT),1DX,2023
Inspiring Leaders Primary (Leicester and Rutland),1BJ,Inspiring Leaders Primary (Derbyshire),5W1,2023
Keele and North Staffordshire Teacher Education,24J,The Golden Thread Teaching School Hub,155,2023
Kent and Medway Training,K30,Dartford Grammar School,29N,2023
Kent and Medway Training,K30,East Kent Learning Alliance,2DG,2023
Kent and Medway Training,K30,Medway Valley Training Partnership,1Q5,2023
Kent and Medway Training,K30,Saint George's Church of England School,295,2023
Kent and Medway Training,K30,The Leigh Academy,24Q,2023
Kent and Medway Training,K30,Thinking Horizons (TSAT),1DX,2023
King Edward's Consortium,K50,King Edward VI Camp Hill School for Girls,4E1,2023
King's College London (University of London),K60,Beal High School (NELTA),1NA,2023
King's College London (University of London),K60,Catholic Schools' Partnership,134,2023
King's College London (University of London),K60,Grey Court Training School,22S,2023
King's College London (University of London),K60,South East Learning Alliance,1J1,2023
Kirklees and Calderdale SCITT,1WK,Heckmondwike Grammar School,1NZ,2023
Kirklees and Calderdale SCITT,1WK,Yorkshire Anglican Learning and Education Partnership,13J,2023
Lampton LWA SCITT,2AY,Cranford Community College,265,2023
Lampton LWA SCITT,2AY,Lampton Academy,1P8,2023
Lampton LWA SCITT,2AY,Teach West London Teaching School Hub,1KV,2023
Leeds Beckett University,L27,Five Towns ITT Partnership,2FW,2023
Leeds Beckett University,L27,Springboard,2HX,2023
Leeds Beckett University,L27,The Beckfoot School Direct Partnership,1MU,2023
Leeds Beckett University,L27,The Wonder Institute of Education,2HT,2023
Leeds Beckett University,L27,Yorkshire Schools Alliance,15X,2023
Leeds Trinity University,L24,Diocese of Leeds BKCAT Alliance,1ZX,2023
Leeds Trinity University,L24,Dixons Academies Trust,1EP,2023
Leeds Trinity University,L24,St Anthony's Primary Learning Partnership,1Y9,2023
Leeds Trinity University,L24,The Beckfoot School Direct Partnership,1MU,2023
Leeds Trinity University,L24,Valley Trust (formerly TRISIS),2HM,2023
Leeds Trinity University,L24,White Rose Alliance,196,2023
Leeds Trinity University,L24,Yorkshire Schools Alliance,15X,2023
Leeds Trinity University,L24,Yorkshire Special Education Partnership (YSEP),197,2023
Leicester & Leicestershire SCITT,L35,Achieve with TELA,1R3,2023
Leicester & Leicestershire SCITT,L35,Catholic Schools (School Direct),2C9,2023
Leicestershire Secondary SCITT,L33,Achieve with TELA,1R3,2023
Leicestershire Secondary SCITT,L33,Rushey Mead Academy,1MW,2023
Lincolnshire SCITT,25G,Ellison Boulters Church of England Primary School,19X,2023
Lincolnshire SCITT,25G,KYRA,1HA,2023
Lincolnshire SCITT,25G,L.E.A.D. Academy Trust,277,2023
Lincolnshire SCITT,25G,Staniland Academy,27O,2023
Lincolnshire SCITT,25G,The Priory Academy LSST,1F4,2023
Liverpool Hope University,L46,Aspirational Teaching Alliance of St. Helens,1LA,2023
Liverpool Hope University,L46,Liverpool Teacher Development Partnership,2T3,2023
Liverpool Hope University,L46,St Helens ONE - Grange Valley Primary,2KF,2023
Liverpool Hope University,L46,St Patrick's Greater Manchester Alliance,18A,2023
Liverpool Hope University,L46,The Bishop Fraser Trust Bolton  Bury ITT Partnership,18J,2023
Liverpool John Moores University,L51,Cheshire Vale Teaching Support Alliance,26L,2023
Liverpool John Moores University,L51,MAITT (Merseyside Alliance Initial Teacher Training),168,2023
Liverpool John Moores University,L51,North West Learning Partnership,13N,2023
Liverpool John Moores University,L51,Palmerston School,1AE,2023
Liverpool John Moores University,L51,SD at Turton,2BS,2023
Liverpool John Moores University,L51,Teacher Training @ Knutsford,1M1,2023
Liverpool John Moores University,L51,The Heath Consortium,1DO,2023
Liverpool John Moores University,L51,Weatherhead High School,21D,2023
Liverpool John Moores University,L51,Wigan and West Lancashire Catholic School Direct,27Q,2023
Liverpool John Moores University,L51,Wirral Schools Collaboration (Pensby),1ME,2023
London Metropolitan University,L68,Hackney Teaching Schools' Alliance,1V9,2023
London Metropolitan University,L68,The Viridis Schools Partnership,2CN,2023
London Metropolitan University,L68,West London Teacher Training Alliance (Primary),1EL,2023
London South Bank University,L75,Merton Special Training Association,163,2023
Loughborough University,L79,Diverse Association for Professional Learning (formerly TVTSA),12K,2023
Loughborough University,L79,LiFE MAT and Partners School Direct,1A4,2023
Loughborough University,L79,Lionheart Teach,1O8,2023
Loughborough University,L79,Loughborough Learning Alliance,195,2023
Middlesex University,M80,AIM Alliance Schools,2FR,2023
Middlesex University,M80,North London New River Teaching Alliance,1JV,2023
Middlesex University,M80,The Compton School,19P,2023
Mid Essex Initial Teacher Training,M82,Professional Learning Network (Lyons Hall),1JW,2023
Mid Somerset Consortium for Teacher Training,M84,Crispin School with the Mid Somerset Consortium,1OF,2023
NELTA,251,Beal High School (NELTA),1NA,2023
Newman University,N36,Bishop Challoner Training School,1K2,2023
Newman University,N36,Blue Sky,21L,2023
Newman University,N36,Bromsgrove Primary Alliance,2HU,2023
Newman University,N36,Futures Teaching,2KR,2023
Newman University,N36,St John Bosco ITT,1S9,2023
Newman University,N36,Stour Vale School Direct,1FA,2023
Newman University,N36,St Paul's Caritas Christi,242,2023
Newman University,N36,Waverley School Direct,1RH,2023
"NIoT: National Institute of Teaching, founded by the School-Led Development Trust",2N2,NIoT@Harris Initial Teacher Education,1TZ,2023
"NIoT: National Institute of Teaching, founded by the School-Led Development Trust",2N2,NIoT@Oasis Community Learning,7K9,2023
"NIoT: National Institute of Teaching, founded by the School-Led Development Trust",2N2,NIoT@Outwood Grange Academies Trust,1GV,2023
"NIoT: National Institute of Teaching, founded by the School-Led Development Trust",2N2,NIoT@Star Academies,2A6,2023
"NIoT: National Institute of Teaching, founded by the School-Led Development Trust",2N2,NIoT@The White Horse Federation,4W2,2023
"NIoT: National Institute of Teaching, founded by the School-Led Development Trust",2N2,NIoT@Trinity Institute of Education,1YF,2023
"NITE: National Institute of Teaching & Education, part of Coventry University Group",C85,Creative Education Trust,5A1,2023
"NITE: National Institute of Teaching & Education, part of Coventry University Group",C85,E-ACT Academies Trust,1Z1,2023
"NITE: National Institute of Teaching & Education, part of Coventry University Group",C85,Greenwood Academies Trust,1EX,2023
"NITE: National Institute of Teaching & Education, part of Coventry University Group",C85,Haberdashers’ Academies Trust South,1KP,2023
"NITE: National Institute of Teaching & Education, part of Coventry University Group",C85,LiFE MAT and Partners School Direct,1A4,2023
"NITE: National Institute of Teaching & Education, part of Coventry University Group",C85,Oriel ITT Partnership,2LR,2023
"NITE: National Institute of Teaching & Education, part of Coventry University Group",C85,Southam Teaching Alliance,2BN,2023
"NITE: National Institute of Teaching & Education, part of Coventry University Group",C85,The Lion Alliance,1K1,2023
Norfolk Teacher Training Centre,N43,Attleborough Academy,2GG,2023
Norfolk Teacher Training Centre,N43,Sheringham High School,8H6,2023
Northampton Teacher Training Partnership,N42,Northampton School for Boys,16G,2023
North East Partnership SCITT (Physical Education),N55,John Spence Community High School,25W,2023
Northern Lights SCITT,255,Skipton Girls' High School,1QP,2023
North Essex Teacher Training (NETT),N46,NETT,2L4,2023
North Tyneside SCITT,N73,North Tyneside SCITT (New York Primary School Direct),1NB,2023
North Wiltshire SCITT,24U,Blue Kite Academy Trust,2HL,2023
North Wiltshire SCITT,24U,Pickwick Learning,23Z,2023
Nottingham Trent University,N91,Creative Education Trust,5A1,2023
Nottingham Trent University,N91,Diverse Association for Professional Learning (formerly TVTSA),12K,2023
Nottingham Trent University,N91,Greenwood Academies Trust,1EX,2023
Nottingham Trent University,N91,Kirkby Primary Partnership,279,2023
Nottingham Trent University,N91,Lionheart Teach,1O8,2023
Nottingham Trent University,N91,Nottingham Catholic Initial Teacher Training Partnership,1YD,2023
Nottingham Trent University,N91,The Minster Learning Alliance,1EC,2023
Nottingham Trent University,N91,The Rutland Learning Trust,3N6,2023
Oxford Brookes University,O66,The Downland Alliance,236,2023
Partnership London SCITT (PLS),2B1,St Angela's Teacher Training Centre,1XC,2023
Partnership London SCITT (PLS),2B1,St. Edward’s Teacher Training Partnership,1EG,2023
Partnership London SCITT (PLS),2B1,Sydney Russell Teacher Training Centre,1EJ,2023
Pennine Lancashire SCITT,P38,East Lancashire Inclusion Partnership,1NP,2023
Plymouth Marjon University,P63,Bridging the Tamar Learning Alliance,165,2023
Plymouth Marjon University,P63,Dartmoor Teacher Training Partnership,2BT,2023
Plymouth Marjon University,P63,Devon and Cornwall Cooperative Alliance,2HG,2023
Plymouth Marjon University,P63,First Federation Train to Teach,1QR,2023
Plymouth Marjon University,P63,Kernow Initial Teacher Education,21J,2023
Plymouth Marjon University,P63,Learning Academy Partnership,21V,2023
Plymouth Marjon University,P63,North Somerset Teaching Alliance,16Z,2023
Plymouth Marjon University,P63,Plymouth Teachers and Schools Alliance,1T7,2023
Plymouth Marjon University,P63,The Priory Learning Trust,2E3,2023
Poole SCITT,P75,"Linwood Training, Support and Advice",1X3,2023
Poole SCITT,P75,Twynham Learning (School Direct),13Q,2023
Primary Catholic Partnership SCITT (PCP SCITT),P85,CTSA,1N4,2023
Prince Henry's High School & South Worcestershire SCITT,2ET,Bromsgrove Primary Alliance,2HU,2023
Red Kite Teacher Training,2B9,All Saints RC School,2KH,2023
Red Kite Teacher Training,2B9,North Star,269,2023
Red Kite Teacher Training,2B9,The Swaledale Alliance,1FG,2023
Ripley ITT,R23,South Cumbria School Direct,2KS,2023
Roehampton University,R48,Dulwich College,3D1,2023
Roehampton University,R48,Lampton Academy,1P8,2023
Roehampton University,R48,Lilian Baylis Technology School,1ZY,2023
Roehampton University,R48,London South Teaching School Hub,8L5,2023
Roehampton University,R48,PACE Academy Trust,1O1,2023
Roehampton University,R48,Saint John Southworth Enterprise and Research Alliance,15O,2023
Roehampton University,R48,Sharing Excellence Partnership Dunraven School Streatham,1BW,2023
Roehampton University,R48,South East Learning Alliance,1J1,2023
Roehampton University,R48,St George RC School,1NK,2023
Roehampton University,R48,St Marylebone Collaborative,1ET,2023
Roehampton University,R48,Teach Wimbledon,1ZO,2023
Roehampton University,R48,Waldegrave Training Alliance,1FP,2023
Roehampton University,R48,West London Teacher Training Alliance (Primary),1EL,2023
Roehampton University,R48,West London Teacher Training Alliance (Secondary),2BV,2023
Sacred Heart Newcastle SCITT,2BA,Cardinal Hume Catholic School,198,2023
Sacred Heart Newcastle SCITT,2BA,St Mary's Catholic School,2KN,2023
Sacred Heart Newcastle SCITT,2BA,St Thomas More Catholic School,1OO,2023
Services for Education,1WE,Greenholm Primary School,19R,2023
Sheffield Hallam University,S21,Aspirer School Direct,1XQ,2023
Sheffield Hallam University,S21,Aston Community Education Trust,17U,2023
Sheffield Hallam University,S21,Chorus Education Trust and Sheffield Teacher Training Alliance,1N5,2023
Sheffield Hallam University,S21,Delta Academies Trust,1DU,2023
Sheffield Hallam University,S21,Emmanuel Teacher Training Partnership,14U,2023
Sheffield Hallam University,S21,Josie Thirkell Institute of Education,1GW,2023
Sheffield Hallam University,S21,Learners First Schools Partnership,1GX,2023
Sheffield Hallam University,S21,Pathfinder Teaching School Hub,1VU,2023
Sheffield Hallam University,S21,White Rose Alliance,196,2023
Somerset SCITT Consortium,S31,Axbridge C of E First School Academy,3J9,2023
Somerset SCITT Consortium,S31,Extend Learning Academies Network (ELAN),2DT,2023
Somerset SCITT Consortium,S31,Growing Expert Teachers,2AO,2023
South Birmingham SCITT,N32,Colmore Partnership Training School Alliance,19Q,2023
South Birmingham SCITT,N32,Magnificat Partnership,2L1,2023
South Birmingham SCITT,N32,Summit Learning Trust,19O,2023
South West Teacher Training,S66,Brigshaw Learning Partnership,4B1,2023
South West Teacher Training,S66,Exeter Consortium,1QX,2023
South West Teacher Training,S66,Reach Academy Feltham,7K1,2023
Staffordshire University,S72,Congleton education Community Partnership,29W,2023
Staffordshire University,S72,East Cheshire School Direct Partnership,29Q,2023
St. George's Academy Partnership,G15,St George's Academy,24D,2023
"St Mary's University, Twickenham",S64,Bohunt Education Trust,1DP,2023
"St Mary's University, Twickenham",S64,Catholic Schools' Partnership,134,2023
"St Mary's University, Twickenham",S64,Grey Court Training School,22S,2023
"St Mary's University, Twickenham",S64,Saint John Southworth Enterprise and Research Alliance,15O,2023
"St Mary's University, Twickenham",S64,Teach West London Teaching School Hub,1KV,2023
"St Mary's University, Twickenham",S64,Teach Wimbledon,1ZO,2023
"St Mary's University, Twickenham",S64,Waldegrave Training Alliance,1FP,2023
"St Mary's University, Twickenham",S64,West London Teacher Training Alliance (Primary),1EL,2023
"St Mary's University, Twickenham",S64,West London Teacher Training Alliance (Secondary),2BV,2023
Suffolk and Norfolk Primary SCITT,S13,ASSET Education,146,2023
Suffolk and Norfolk Primary SCITT,S13,Barrow CEVC Primary School,1MJ,2023
Suffolk and Norfolk Primary SCITT,S13,Consortium Multi Academy Trust,2J7,2023
Suffolk and Norfolk Primary SCITT,S13,Exning Primary School,1JM,2023
Suffolk and Norfolk Primary SCITT,S13,Fairfield Infant School,1VQ,2023
Suffolk and Norfolk Primary SCITT,S13,Harleston CofE VA Primary School,1DY,2023
Suffolk and Norfolk Primary SCITT,S13,Inclusive Schools Trust,2JE,2023
Suffolk and Norfolk Primary SCITT,S13,St Francis of Assisi Catholic Primary School,2JV,2023
Suffolk and Norfolk Primary SCITT,S13,The Bawburgh School,1JE,2023
Suffolk and Norfolk Primary SCITT,S13,White Woman Lane Junior School,1MH,2023
Suffolk and Norfolk Secondary SCITT,S14,Billericay School,1PT,2023
Suffolk and Norfolk Secondary SCITT,S14,Hartismere School,1GP,2023
Suffolk and Norfolk Secondary SCITT,S14,One Sixth Form College,2M5,2023
Suffolk and Norfolk Secondary SCITT,S14,Thorpe St Andrew School and Sixth Form,1ZN,2023
Suffolk and Norfolk Secondary SCITT,S14,Thurston Community College,2TC,2023
Suffolk and Norfolk Secondary SCITT,S14,William de Ferrers School,2W1,2023
Sutton SCITT,1ZW,Glenthorne High School,17J,2023
Teach First,1TF,BCCET Teacher Training Partnership,2B8,2023
Teach First,1TF,Futures Teaching,2KR,2023
Teach First,1TF,NEAT ITT,1L1,2023
Teach First,1TF,Northamptonshire Teaching School Hub,1QM,2023
Teach First,1TF,STEP Ahead Teaching School Hub,1H1,2023
Teach First,1TF,Tudor Grange Initial Teacher Training,T87,2023
Teaching London: LDBS SCITT,L59,Abacus Belsize Primary School,4A2,2023
Teaching London: LDBS SCITT,L59,"Christ Church Primary School, Hampstead",1VM,2023
Teaching London: LDBS SCITT,L59,Cranford Community College,265,2023
Teaching London: LDBS SCITT,L59,Forty Hill CofE Primary School,2L8,2023
Teaching London: LDBS SCITT,L59,Holy Trinity CofE Primary School,292,2023
Teaching London: LDBS SCITT,L59,Littleton CofE Infant School,2HR,2023
Teaching London: LDBS SCITT,L59,Risley Avenue Primary School,29Y,2023
Teaching London: LDBS SCITT,L59,St Andrews CE Primary School,1VA,2023
Teaching London: LDBS SCITT,L59,St Mary's Bryanston Square,2E4,2023
Teaching London: LDBS SCITT,L59,St Mary's CofE Primary,3S2,2023
Teaching London: LDBS SCITT,L59,St Peter's London Docks CofE Primary School,1V1,2023
Teach Kent & Sussex,2EZ,Bennett Memorial Diocesan School,1KU,2023
Teach Kent & Sussex,2EZ,Claremont Primary School,1TP,2023
Teach SouthEast,2EW,Bosco Sussex,1KY,2023
Teach SouthEast,2EW,Catholic Schools' Partnership,134,2023
Teach SouthEast,2EW,Royal Greenwich Hub,1G2,2023
Teach SouthEast,2EW,Saint John Southworth Enterprise and Research Alliance,15O,2023
Teach SouthEast,2EW,St Polycarp’s Educational Partnership,2EG,2023
Teach SouthEast,2EW,The Wokingham Federation,152,2023
Teesside University,3S1,Emmanuel Teacher Training Partnership,14U,2023
Tes Institute,H40,Benfleet TSA (Teacher Training),1JH,2023
Tes Institute,H40,E-ACT Academies Trust,1Z1,2023
Tes Institute,H40,Essex School Direct,1OS,2023
Tes Institute,H40,Haberdashers’ Academies Trust South,1KP,2023
Tes Institute,H40,Plume Community Teaching Partnership,1XB,2023
Tes Institute,H40,Teach in Kent,26J,2023
Tes Institute,H40,TTTC (Thurrock Teacher Training Company),1CN,2023
The Cambridge Partnership,C03,Acorns Early Years Training Centre,2CV,2023
The Cambridge Partnership,C03,Cambridge Meridian Academies Trust & Swavesey Village College,2KU,2023
The Cambridge Partnership,C03,CMAT Stamford Welland Academy,9J1,2023
The Cambridge Partnership,C03,Greenwood Academies Trust,1EX,2023
The Cambridge Partnership,C03,Lawrence Sheriff School,1GH,2023
The Cambridge Partnership,C03,Nene Park Academy,6N8,2023
The Cambridge Partnership,C03,Springwood High School,1U4,2023
The Cambridge Partnership,C03,The Ferrers School,3F3,2023
The Grand Union Training Partnership,G60,Sponne School,1PJ,2023
The Havering Teacher Training Partnership,H17,Hall Mead School,1GJ,2023
The John Taylor SCITT,24V,John Taylor High School,1L6,2023
The John Taylor SCITT,24V,The de Ferrers Trust,1E2,2023
The John Taylor SCITT,24V,William Shrewsbury Primary Partnership,2FM,2023
The Learning Institute South West,L19,The Learning Institute South West [School Direct],28N,2023
The Manchester Metropolitan University,M40,Arch Alliance - All Souls' CE Primary,1XK,2023
The Manchester Metropolitan University,M40,Blessed Thomas Holford Catholic College,1YR,2023
The Manchester Metropolitan University,M40,Boarshaw Community Primary School,2LJ,2023
The Manchester Metropolitan University,M40,Manchester Trusts and Schools Alliance,1JR,2023
The Manchester Metropolitan University,M40,Salford Alliance of Learning Schools,2F8,2023
The Manchester Metropolitan University,M40,Teach Manchester,1HJ,2023
The Manchester Metropolitan University,M40,The Education Learning Trust,1OJ,2023
The OAKS (Ormiston and Keele SCITT),24P,Brine Leas School,18U,2023
The OAKS (Ormiston and Keele SCITT),24P,Fairfax Academy,9J3,2023
The OAKS (Ormiston and Keele SCITT),24P,Ormiston Sir Stanley Matthews Academy,1UV,2023
The OAKS (Ormiston and Keele SCITT),24P,The OAKS Norfolk,4T7,2023
The OAKS (Ormiston and Keele SCITT),24P,The OAKS Suffolk,4T6,2023
The Royal Borough of Windsor and Maidenhead SCITT,1WM,Windsor Teaching Alliance,23R,2023
The Sheffield SCITT,S97,Hungerhill School,298,2023
The Sheffield SCITT,S97,Mercia Learning Alliance,13C,2023
The South Downs SCITT,2AZ,The South Downs School Direct Partnership,2GH,2023
The Tommy Flowers SCITT,1YK,Bedgrove Infant School,1YP,2023
Titan Partnership Ltd,T30,Aston Manor Academy,1F2,2023
TKAT SCITT,K13,Chichester High School,2GC,2023
TKAT SCITT,K13,Debden Park High School,2AP,2023
TKAT SCITT,K13,TKAT (School Direct),2G5,2023
Two Mile Ash ITT Partnership,T89,Ashmead Combined School,289,2023
Two Mile Ash ITT Partnership,T89,Pen Green Centre for Children and Their Families,21P,2023
Two Mile Ash ITT Partnership,T89,Two Mile Ash School,1WY,2023
"UCL, University College London",U80,Academies Enterprise Trust: London,2CH,2023
"UCL, University College London",U80,Beal High School (NELTA),1NA,2023
"UCL, University College London",U80,Catholic Schools' Partnership,134,2023
"UCL, University College London",U80,Eleanor Palmer Primary School,14F,2023
"UCL, University College London",U80,North London New River Teaching Alliance,1JV,2023
"UCL, University College London",U80,Teach Wimbledon,1ZO,2023
"UCL, University College London",U80,The Compton School,19P,2023
"UCL, University College London",U80,West London Teacher Training Alliance (Secondary),2BV,2023
University College Birmingham,B35,Riverley Primary School,2LF,2023
University of Bedfordshire,B22,Active Teacher Training,2KL,2023
University of Bedfordshire,B22,ATT Partnership,2CZ,2023
University of Bedfordshire,B22,Goldington Academy,2DM,2023
University of Bedfordshire,B22,Middlefield Primary Academy,1C2,2023
University of Bedfordshire,B22,Redborne Upper School And Community College,1R7,2023
University of Bedfordshire,B22,Thorndown Primary School,2LV,2023
University of Birmingham,B32,Chadsgrove Training School,17A,2023
University of Birmingham,B32,Hales Valley Teaching Hub,18E,2023
University of Birmingham,B32,Manor Primary School,1QO,2023
University of Birmingham,B32,Prince Albert Junior and Infant School,2JO,2023
University of Birmingham,B32,St Paul's Caritas Christi,242,2023
University of Birmingham,B32,Victoria Academies Trust,24Y,2023
University of Birmingham,B32,Windsor Academy Trust,2HE,2023
University of Birmingham,B32,Wood Green ITT Alliance,1O7,2023
University of Brighton,B72,Bohunt Education Trust,1DP,2023
University of Brighton,B72,Oriel ITT Partnership,2LR,2023
University of Brighton,B72,St. Mary's Learning Alliance,2BJ,2023
University of Brighton,B72,Swale Academies Trust,14H,2023
University of Brighton,B72,Torfield School,1YE,2023
University of Brighton,B72,Valley Invicta Teacher Training (VITT),1CU,2023
University of Brighton,B72,Wealden Partnership,1Z2,2023
University of Bristol,B78,Bristol Cathedral,2HN,2023
University of Bristol,B78,North Somerset Teaching Alliance,16Z,2023
University of Chester,C55,Cheshire Leadership & Teaching Alliance,144,2023
University of Chester,C55,Severn Training and Schools Alliance,1B5,2023
University of Chester,C55,Wade Deacon Trust,1KQ,2023
University of Chichester,C58,Bitterne Park Teacher Training Alliance,1F6,2023
University of Chichester,C58,Bohunt Education Trust,1DP,2023
University of Cumbria,C99,Blackburn Team Alliance,1UC,2023
University of Cumbria,C99,"everyonelearning@ Hawthorns, Kingfisher, Mossley Hollins Teaching Partnership",2A1,2023
University of Cumbria,C99,Hackney Teaching Schools' Alliance,1V9,2023
University of Cumbria,C99,Learning Futures Partnership,1UY,2023
University of Cumbria,C99,Omega Teaching Partnership,1L2,2023
University of Cumbria,C99,School Direct at The Great Schools Trust,2R7,2023
University of Cumbria,C99,Teach Heart Alliance,1D8,2023
University of Cumbria,C99,Teach Manchester,1HJ,2023
University of Cumbria,C99,"Teach North West, SS Simon and Jude Alliance",14T,2023
University of Derby,D39,Alfreton Nursery School,2C2,2023
University of Derby,D39,BTSA (Bart’s Training and Support Alliance),14D,2023
University of Derby,D39,Diverse Association for Professional Learning (formerly TVTSA),12K,2023
University of Derby,D39,Fairfields School,1L3,2023
University of Derby,D39,Landau Forte Teacher Training,186,2023
University of Derby,D39,Loughborough Learning Alliance,195,2023
University of Derby,D39,Nottingham Catholic Initial Teacher Training Partnership,1YD,2023
University of Derby,D39,REAch Teach Primary Partnership,1QU,2023
University of Derby,D39,Rowan Gate Primary School,4G4,2023
University of Derby,D39,The Golden Thread Teaching School Hub,155,2023
University of East Anglia,E14,Creative Education Trust,5A1,2023
University of East Anglia,E14,Hartismere School,1GP,2023
University of East Anglia,E14,Northgate High School,3C4,2023
University of East Anglia,E14,Synergy,2D5,2023
University of East Anglia,E14,Thorpe St Andrew School and Sixth Form,1ZN,2023
University of East London,E28,Burnt Mill Academy,2GY,2023
University of East London,E28,Riverley Primary School,2LF,2023
University of East London,E28,Stepney All Saints Partnership,132,2023
University of Exeter,E84,Dartmoor Teacher Training Partnership,2BT,2023
University of Exeter,E84,Jurassic Coast Teacher Network,172,2023
University of Exeter,E84,Kernow Initial Teacher Education,21J,2023
University of Exeter,E84,TADSS ITT Partnership,26E,2023
University of Exeter,E84,Teach South West (WeST),16U,2023
University of Exeter,E84,TEAM Academy Trust,3T2,2023
University of Exeter,E84,The London-Exeter Partnership,L10,2023
University of Exeter,E84,Uffculme School,1TK,2023
University of Exeter,E84,Yeovil Area Teacher Training Alliance,28Y,2023
University of Gloucestershire,G50,Cleeve School,3B6,2023
University of Gloucestershire,G50,Forest of Dean Schools Direct (Formerly WGSP Schools Direct),2C1,2023
University of Gloucestershire,G50,Odyssey Learning Alliance,1ZB,2023
University of Gloucestershire,G50,The Cotswold Teacher Training Partnership,2EH,2023
University of Gloucestershire,G50,The Mead Academy Trust,1LE,2023
University of Greenwich,G70,Heronsgate Primary School,1EE,2023
University of Greenwich,G70,Teach Thurrock Primary Partnership,166,2023
University of Greenwich,G70,The Primary First Trust,2A3,2023
University of Greenwich,G70,Valley Invicta Teacher Training (VITT),1CU,2023
University of Hertfordshire,H36,AIM Alliance Schools,2FR,2023
University of Hertfordshire,H36,Chauncy Training Partnership,1RK,2023
University of Hertfordshire,H36,Hitchin Boys' School,1QY,2023
University of Hertfordshire,H36,Parmiter's School,1D5,2023
University of Hertfordshire,H36,Richard Hale School/The Sele School Partnership,1N6,2023
University of Hertfordshire,H36,St Clement Danes School,3D3,2023
University of Hertfordshire,H36,The Challoner’s High Bucks Hub,2FX,2023
University of Hertfordshire,H36,The Wroxham School,12M,2023
University of Hertfordshire,H36,Watford Grammar School for Girls,12L,2023
University of Huddersfield,H60,Calderdale and Kirklees Teaching School Hub,1ZG,2023
University of Huddersfield,H60,Five Towns ITT Partnership,2FW,2023
University of Huddersfield,H60,Learners First Schools Partnership,1GX,2023
University of Huddersfield,H60,Valley Trust (formerly TRISIS),2HM,2023
University of Huddersfield,H60,Yorkshire Anglican Learning and Education Partnership,13J,2023
University of Hull,H72,Academies Enterprise Trust: Yorkshire & Humber,2CK,2023
University of Hull,H72,The Wonder Institute of Education,2HT,2023
University of Leicester,L34,Achieve with TELA,1R3,2023
University of Leicester,L34,Futures Teaching,2KR,2023
University of Leicester,L34,Hatton Centre for Education,1Y7,2023
University of Leicester,L34,LiFE MAT and Partners School Direct,1A4,2023
University of Leicester,L34,Lionheart Teach,1O8,2023
University of Leicester,L34,Southam Teaching Alliance,2BN,2023
University of Leicester,L34,Sparkenhoe School Direct,1RL,2023
University of Leicester,L34,Transforming Lives Educational Trust Initial Teacher Training (TLET ITT),1XO,2023
University of Manchester,M20,Blessed Thomas Holford Catholic College,1YR,2023
University of Manchester,M20,Hursthead Junior School Alliance,27X,2023
University of Manchester,M20,Salford Alliance of Learning Schools,2F8,2023
University of Manchester,M20,St Andrew's Alliance,2C7,2023
University of Manchester,M20,Teach Manchester,1HJ,2023
University of Newcastle Upon Tyne,N21,Cardinal Hume Catholic School,198,2023
University of Newcastle Upon Tyne,N21,Emmanuel Teacher Training Partnership,14U,2023
University of Newcastle Upon Tyne,N21,St Mary's Catholic School,2KN,2023
University of Newcastle Upon Tyne,N21,Whitley Bay Teacher Training,1HM,2023
University of Northampton,N38,Hatton Centre for Education,1Y7,2023
University of Northampton,N38,Upton Meadows Primary School,222,2023
University of Northumbria at Newcastle,N77,Benton Dene School,18O,2023
University of Northumbria at Newcastle,N77,North East Schools Teaching Alliance,1ZA,2023
University of Northumbria at Newcastle,N77,Northumbria Art and Design Partnership,2X6,2023
University of Northumbria at Newcastle,N77,Sunningdale School,23M,2023
University of Northumbria at Newcastle,N77,Teach North East,1D7,2023
University of Northumbria at Newcastle,N77,The Wider Ponteland Partnership,16S,2023
University of Northumbria at Newcastle,N77,Tyne Valley Alliance,16B,2023
University of Northumbria at Newcastle,N77,WISE Initial Teacher Training (WITT) School Direct,15Q,2023
University of Nottingham,N84,Creative Education Trust,5A1,2023
University of Nottingham,N84,The de Ferrers Trust,1E2,2023
University of Portsmouth,P80,Bohunt Education Trust,1DP,2023
University of Reading,R12,Calthorpe Park North East Hants and Surrey Borders Consortium,1UH,2023
University of Reading,R12,Collingwood College,1LJ,2023
University of Reading,R12,Court Moor Partnership,2J8,2023
University of Reading,R12,Forest Learning Alliance,1HW,2023
University of Reading,R12,Geoffrey Field Junior School,1QL,2023
University of Reading,R12,Maiden Erlegh Institute,1Y1,2023
University of Reading,R12,St Polycarp’s Educational Partnership,2EG,2023
University of Reading,R12,Teach Maidenhead,286,2023
University of Reading,R12,The Bracknell Forest Partnership,2FZ,2023
University of Reading,R12,The Trinity Partnership,1RM,2023
University of Reading,R12,The Wokingham Federation,152,2023
University of Reading,R12,Two Counties,26Q,2023
University of Sheffield,S18,Ashfield School ITT,2L9,2023
University of Sheffield,S18,Aston Community Education Trust,17U,2023
University of Sheffield,S18,Chorus Education Trust and Sheffield Teacher Training Alliance,1N5,2023
University of Sheffield,S18,Mercia Learning Alliance,13C,2023
University of Southampton,S27,Bitterne Park Teacher Training Alliance,1F6,2023
University of Southampton,S27,Island Teaching Alliance,2HQ,2023
University of Sunderland,S84,Darlington West Park Partnership,1DB,2023
University of Sunderland,S84,Durham Schools Together,2DP,2023
University of Sunderland,S84,Sunderland Nursery Schools,2JQ,2023
University of Sunderland,S84,Teach North East,1D7,2023
University of Sunderland,S84,Washington and Chester le Street Teacher Training Alliance,2W4,2023
University of Sussex,S90,Benfield Primary School,2FH,2023
University of Sussex,S90,Bohunt Education Trust,1DP,2023
University of Sussex,S90,Bosco Sussex,1KY,2023
University of Sussex,S90,Kent Oaks Consortium,2CC,2023
University of Sussex,S90,Swale Academies Trust,14H,2023
University of Sussex,S90,Valley Invicta Teacher Training (VITT),1CU,2023
University of Sussex,S90,Waldegrave Training Alliance,1FP,2023
University of Sussex,S90,Wealden Partnership,1Z2,2023
"University of the West of England, Bristol",B80,Bristol Cathedral,2HN,2023
"University of the West of England, Bristol",B80,Bristol Primary Training and Support Alliance (Whitehall Primary/Ashley Down Primary),1PL,2023
"University of the West of England, Bristol",B80,Swindon Teacher Training Partnership,2KD,2023
University of Warwick,W20,Academies Enterprise Trust: West Midlands,2CJ,2023
University of Warwick,W20,Achieve with TELA,1R3,2023
University of Warwick,W20,Arden Alliance,2BU,2023
University of Warwick,W20,Bishop Challoner Training School,1K2,2023
University of Warwick,W20,Caludon Castle School,179,2023
University of Warwick,W20,Creative Education Trust,5A1,2023
University of Warwick,W20,Futures Teaching,2KR,2023
University of Warwick,W20,Lawrence Sheriff School,1GH,2023
University of Warwick,W20,Southam Teaching Alliance,2BN,2023
University of Warwick,W20,St Paul's Caritas Christi,242,2023
University of Warwick,W20,The Lion Alliance,1K1,2023
University of Warwick,W20,Transforming Lives Educational Trust Initial Teacher Training (TLET ITT),1XO,2023
University of Winchester,W76,Bitterne Park Teacher Training Alliance,1F6,2023
University of Winchester,W76,Bohunt Education Trust,1DP,2023
University of Winchester,W76,Bransgore Initial teacher Training (BITT) – School Direct,19F,2023
University of Winchester,W76,Gosport and Fareham Multi-Academy Trust,1AS,2023
University of Winchester,W76,Halterworth Training School Partnership,1A8,2023
University of Winchester,W76,Southampton Inclusion Partnership,26W,2023
University of Winchester,W76,The Rural Schools Alliance,2EN,2023
University of Winchester,W76,Wessex Teach,1QW,2023
University of Wolverhampton,W75,ConnectEd Partnership,27U,2023
University of Wolverhampton,W75,Forward Education Trust ITT,1MR,2023
University of Wolverhampton,W75,Lindens,14S,2023
University of Wolverhampton,W75,Telford Partnership,2GO,2023
University of Wolverhampton,W75,Windsor Academy Trust,2HE,2023
University of Wolverhampton,W75,Wood Green ITT Alliance,1O7,2023
University of Worcester,W80,Black Pear Trust Alliance,2HC,2023
University of Worcester,W80,Castleman Learning Network,1RP,2023
University of Worcester,W80,Cleeve School,3B6,2023
University of Worcester,W80,Diocese of Worcester Multi Academy Trust,6H6,2023
University of Worcester,W80,Hereteach Alliance,22V,2023
University of Worcester,W80,Lord Scudamore Primary Academy,19N,2023
University of Worcester,W80,Riverley Primary School,2LF,2023
University of Worcester,W80,River Wye Federation,2JP,2023
University of Worcester,W80,Shires Teaching Alliance,2EB,2023
University of Worcester,W80,Somers Park Primary School,28W,2023
University of Worcester,W80,South Bromsgrove Teacher Training Partnership,19S,2023
University of Worcester,W80,Stour Vale School Direct,1FA,2023
University of Worcester,W80,The Diocese of Hereford Multi Academy Trust,2D3,2023
University of Worcester,W80,The Spire Church of England Learning Trust,3G4,2023
University of Worcester,W80,Welford-on-Avon Primary School,2L6,2023
University of York,Y50,All Saints RC School,2KH,2023
University of York,Y50,Pathfinder Teaching School Hub,1VU,2023
University of York,Y50,Yorkshire Schools Alliance,15X,2023
West Essex SCITT,2BB,West Essex SCITT (St John's C of E Primary School),15D,2023
Wildern Partnership,1WH,Wildern School,1LC,2023
Yorkshire and Humber Teacher Training,2B2,Active Teacher Training,2KL,2023
Yorkshire Wolds Teacher Training,2EV,Horizon Schools Direct,1OL,2023
Yorkshire Wolds Teacher Training,2EV,Riding Forward Education Alliance,1PU,2023
York St John University,Y75,All Saints RC School,2KH,2023
York St John University,Y75,Campus Stockton Teaching Alliance,2JJ,2023
York St John University,Y75,Esk Valley Alliance,1XT,2023
York St John University,Y75,Hope Sentamu Learning Trust,1DH,2023
York St John University,Y75,Middlesbrough Schools' Teaching Alliance,1SP,2023
York St John University,Y75,Polaris,2GW,2023
York St John University,Y75,Scarborough TSA - Coast & Vale Learning Trust,ST8,2023
York St John University,Y75,White Rose Alliance,196,2023